Bed Type,Utilization Mean (%),CI Lower (%),CI Upper (%)
Preoperative,98.28245494103011,98.0694667702164,98.49544311184383
ER,97.73269722352968,97.32816063471302,98.13723381234635
Lab,0.8105347228261396,0.8076481144857218,0.8134213311665573
OR,0.09778497043118393,0.09294553595820139,0.10262440490416648
General_Ward,3.099100893147329,2.905712458833116,3.292489327461542
ICU,0.009097462133946778,0.005364313227866558,0.012830611040026998
CCU,0.04509299826559686,0.03544705232080393,0.05473894421038979
